{
    "dataset": {
        "train_size": 1500,
        "test_size": 1344,
        "positive_ratio": 0.5,
        "negative_ratio": 0.5
    },
    "video_properties": {
        "train": {
            "avg_duration": 37.632924409886925,
            "avg_fps": 30.16,
            "resolution": "1280x720"
        },
        "test": {
            "avg_duration": 9.89100925193321,
            "avg_fps": 30.123999999999995,
            "resolution": "1280x720"
        }
    },
    "time_to_accident": {
        "mean": 1.6003573333333334,
        "median": 1.4329999999999998,
        "std": 0.8660634357901499,
        "min": 0.0329999999999977,
        "max": 4.466000000000001
    }
}